38,9,500000000,0.01,5,86.7663870054482
38,9,500000000,0.01,5,83.2992147068531
38,9,500000000,0.01,5,92.5631456279215
38,9,500000000,0.01,5,80.7497913348365
38,9,500000000,0.01,5,92.931292014087
38,9,500000000,0.02,9,89.7103609571951
38,9,500000000,0.02,9,89.317979294203
38,9,500000000,0.02,9,83.6791122912135
38,9,500000000,0.02,9,97.3448980160154
38,9,500000000,0.02,9,84.1496466867183
38,9,500000000,0.03,14,83.0718526248084
38,9,500000000,0.03,14,82.560272704667
38,9,500000000,0.03,14,85.4748741306809
38,9,500000000,0.03,14,82.5878797091777
38,9,500000000,0.03,14,87.6375411993092
38,9,500000000,0.04,18,77.8625368079711
38,9,500000000,0.04,18,78.2710419705669
38,9,500000000,0.04,18,82.6742336472845
38,9,500000000,0.04,18,82.3106149155152
38,9,500000000,0.04,18,93.9228288934946
38,9,500000000,0.05,23,88.2863308283725
38,9,500000000,0.05,23,80.6850998204827
38,9,500000000,0.05,23,85.4801048217888
38,9,500000000,0.05,23,79.7006932683693
38,9,500000000,0.05,23,93.9441300657098
38,9,500000000,0.06,27,92.7876537471338
38,9,500000000,0.06,27,77.7858902852437
38,9,500000000,0.06,27,91.6136928448798
38,9,500000000,0.06,27,80.8845007222236
38,9,500000000,0.06,27,80.6149699694302
38,9,500000000,0.07,31,77.6126210329869
38,9,500000000,0.07,31,75.3294971727376
38,9,500000000,0.07,31,93.8574127583857
38,9,500000000,0.07,31,85.8131112296603
38,9,500000000,0.07,31,74.9546954787205
38,9,500000000,0.08,36,78.256443460618
38,9,500000000,0.08,36,78.8345132832838
38,9,500000000,0.08,36,81.178370326071
38,9,500000000,0.08,36,75.8265261236104
38,9,500000000,0.08,36,89.8043837103339
38,9,500000000,0.09,40,81.6704636448926
38,9,500000000,0.09,40,80.8832064032891
38,9,500000000,0.09,40,81.8280539957915
38,9,500000000,0.09,40,85.0365666178693
38,9,500000000,0.09,40,82.4829401919124
38,9,500000000,0.1,45,90.8415895697782
38,9,500000000,0.1,45,83.1751376256925
38,9,500000000,0.1,45,89.351916757506
38,9,500000000,0.1,45,85.0808580664217
38,9,500000000,0.1,45,83.8135273846014
38,9,500000000,0.11,49,78.8707690555686
38,9,500000000,0.11,49,77.3777401046512
38,9,500000000,0.11,49,81.6006052743385
38,9,500000000,0.11,49,87.5354194596445
38,9,500000000,0.11,49,84.7073436698609
38,9,500000000,0.12,53,84.2067676359227
38,9,500000000,0.12,53,93.7709880895319
38,9,500000000,0.12,53,86.0429455465314
38,9,500000000,0.12,53,77.7355727418128
38,9,500000000,0.12,53,89.3438865094209
38,9,500000000,0.13,58,74.8423299332934
38,9,500000000,0.13,58,77.476998306643
38,9,500000000,0.13,58,67.9710953732917
38,9,500000000,0.13,58,79.9777124195422
38,9,500000000,0.13,58,75.2137067290199
38,9,500000000,0.14,62,73.7757380484641
38,9,500000000,0.14,62,79.6665230407567
38,9,500000000,0.14,62,81.6932997403584
38,9,500000000,0.14,62,84.6472114206292
38,9,500000000,0.14,62,67.6195160924102
38,9,500000000,0.15,67,91.6603214819137
38,9,500000000,0.15,67,104.299035234314
38,9,500000000,0.15,67,86.8041623634861
38,9,500000000,0.15,67,81.2320252771624
38,9,500000000,0.15,67,77.592666613873
38,9,500000000,0.16,71,86.6206635784986
38,9,500000000,0.16,71,74.7918300875782
38,9,500000000,0.16,71,73.5311098699125
38,9,500000000,0.16,71,76.0645256823301
38,9,500000000,0.16,71,88.6358650922576
38,9,500000000,0.17,75,79.8556537532493
38,9,500000000,0.17,75,93.1219318222566
38,9,500000000,0.17,75,79.3793517683434
38,9,500000000,0.17,75,76.539590802439
38,9,500000000,0.17,75,82.7329149062267
38,9,500000000,0.18,80,79.3618185351511
38,9,500000000,0.18,80,83.4940754998264
38,9,500000000,0.18,80,78.0185941427607
38,9,500000000,0.18,80,104.178249177615
38,9,500000000,0.18,80,77.5617228913468
38,9,500000000,0.19,84,78.8327376202284
38,9,500000000,0.19,84,78.7808074426638
38,9,500000000,0.19,84,80.6179122301982
38,9,500000000,0.19,84,68.5969953503466
38,9,500000000,0.19,84,74.6348403818758
38,9,500000000,0.2,89,77.3597065019339
38,9,500000000,0.2,89,91.0343049414016
38,9,500000000,0.2,89,84.7458405702697
38,9,500000000,0.2,89,76.2682551765306
38,9,500000000,0.2,89,74.9218624478679
38,9,500000000,0.21,93,81.16004543241
38,9,500000000,0.21,93,80.6066031971752
38,9,500000000,0.21,93,80.9575905850812
38,9,500000000,0.21,93,79.8181306515135
38,9,500000000,0.21,93,65.9385344572195
38,9,500000000,0.22,98,79.2582452584739
38,9,500000000,0.22,98,87.9659815369526
38,9,500000000,0.22,98,89.1055955408824
38,9,500000000,0.22,98,86.1750321873049
38,9,500000000,0.22,98,78.6949937404948
38,9,500000000,0.23,102,81.3545372513359
38,9,500000000,0.23,102,72.1939667927106
38,9,500000000,0.23,102,92.7028528539878
38,9,500000000,0.23,102,84.4452951637338
38,9,500000000,0.23,102,76.2772492488207
38,9,500000000,0.24,106,81.1278218815652
38,9,500000000,0.24,106,84.2909302399438
38,9,500000000,0.24,106,78.8810844389477
38,9,500000000,0.24,106,85.8547155061638
38,9,500000000,0.24,106,86.8125242922721
38,9,500000000,0.25,111,72.5749614241614
38,9,500000000,0.25,111,76.5178333662512
38,9,500000000,0.25,111,76.1807448513843
38,9,500000000,0.25,111,93.5315938234776
38,9,500000000,0.25,111,78.3010469724925
38,9,500000000,0.26,115,92.0480737805373
38,9,500000000,0.26,115,82.4718132647685
38,9,500000000,0.26,115,78.600545641486
38,9,500000000,0.26,115,85.6665642744661
38,9,500000000,0.26,115,88.5623511133412
38,9,500000000,0.27,120,91.6535121956446
38,9,500000000,0.27,120,85.4349462467097
38,9,500000000,0.27,120,82.0509567538078
38,9,500000000,0.27,120,83.105763096702
38,9,500000000,0.27,120,87.0177487139382
38,9,500000000,0.28,124,85.9293309185082
38,9,500000000,0.28,124,82.0329392584848
38,9,500000000,0.28,124,100.396562238723
38,9,500000000,0.28,124,92.2916687414846
38,9,500000000,0.28,124,89.2292971737863
38,9,500000000,0.29,128,69.0442887389347
38,9,500000000,0.29,128,82.3173538256384
38,9,500000000,0.29,128,86.0325877049026
38,9,500000000,0.29,128,85.8558256026704
38,9,500000000,0.29,128,82.6436550686688
38,9,500000000,0.3,133,74.8446472017163
38,9,500000000,0.3,133,88.404741462256
38,9,500000000,0.3,133,78.5430752190814
38,9,500000000,0.3,133,85.2332769833677
38,9,500000000,0.3,133,75.2968271782689
38,9,500000000,0.31,137,87.1166071702349
38,9,500000000,0.31,137,86.5550352313347
38,9,500000000,0.31,137,93.910381317359
38,9,500000000,0.31,137,96.0359623971758
38,9,500000000,0.31,137,81.0324486696996
38,9,500000000,0.32,142,94.1412398811342
38,9,500000000,0.32,142,92.0617279345749
38,9,500000000,0.32,142,71.1492349773963
38,9,500000000,0.32,142,94.3504998441191
38,9,500000000,0.32,142,78.5328195127246
38,9,500000000,0.33,146,84.8739654066401
38,9,500000000,0.33,146,87.0093913652053
38,9,500000000,0.33,146,94.9186908862568
38,9,500000000,0.33,146,85.3328184213854
38,9,500000000,0.33,146,89.1021507283564
38,9,500000000,0.34,150,83.7126274906875
38,9,500000000,0.34,150,91.8301315368508
38,9,500000000,0.34,150,89.0685126939396
38,9,500000000,0.34,150,73.3486505360084
38,9,500000000,0.34,150,83.8750106645907
38,9,500000000,0.35,155,84.3348773710213
38,9,500000000,0.35,155,85.3285680028304
38,9,500000000,0.35,155,75.7053581575553
38,9,500000000,0.35,155,90.1883375302778
38,9,500000000,0.35,155,93.0673968308462
38,9,500000000,0.36,159,81.6160039412239
38,9,500000000,0.36,159,82.1313533245239
38,9,500000000,0.36,159,92.6480899705423
38,9,500000000,0.36,159,98.0525474578631
38,9,500000000,0.36,159,84.6971881960502
38,9,500000000,0.37,164,85.3760273578318
38,9,500000000,0.37,164,94.4094197710781
38,9,500000000,0.37,164,85.1573772099485
38,9,500000000,0.37,164,82.5820168364281
38,9,500000000,0.37,164,92.8743364640806
38,9,500000000,0.38,168,81.4795440092191
38,9,500000000,0.38,168,83.3340845974827
38,9,500000000,0.38,168,89.0791874537026
38,9,500000000,0.38,168,85.2766378932576
38,9,500000000,0.38,168,85.010881792012
38,9,500000000,0.39,172,89.9886512351881
38,9,500000000,0.39,172,75.350298377694
38,9,500000000,0.39,172,94.9391317841439
38,9,500000000,0.39,172,95.7501874200527
38,9,500000000,0.39,172,88.9505418154796
38,9,500000000,0.4,177,89.1145334769404
38,9,500000000,0.4,177,89.5901847121489
38,9,500000000,0.4,177,97.8474204182299
38,9,500000000,0.4,177,91.5012277501677
38,9,500000000,0.4,177,81.152335626805
38,9,500000000,0.41,181,75.1092648402166
38,9,500000000,0.41,181,77.3798479524373
38,9,500000000,0.41,181,85.4873741840101
38,9,500000000,0.41,181,94.3163663839388
38,9,500000000,0.41,181,78.4962434662085
38,9,500000000,0.42,186,86.5281075889674
38,9,500000000,0.42,186,89.3022959619186
38,9,500000000,0.42,186,86.9440193642768
38,9,500000000,0.42,186,71.0423277532689
38,9,500000000,0.42,186,92.18744747504
38,9,500000000,0.43,190,96.0596165607074
38,9,500000000,0.43,190,90.5847153517009
38,9,500000000,0.43,190,74.62168712922
38,9,500000000,0.43,190,84.0505871902576
38,9,500000000,0.43,190,102.015589705901
38,9,500000000,0.44,195,86.7811026500361
38,9,500000000,0.44,195,91.2985008331523
38,9,500000000,0.44,195,77.6561853438599
38,9,500000000,0.44,195,92.1962399734651
38,9,500000000,0.44,195,97.5807057772991
38,9,500000000,0.45,199,84.9615914383239
38,9,500000000,0.45,199,88.3342300405439
38,9,500000000,0.45,199,98.3547797350705
38,9,500000000,0.45,199,85.5250715552608
38,9,500000000,0.45,199,89.424346499713
38,9,500000000,0.46,203,85.2621925892518
38,9,500000000,0.46,203,88.8724135628824
38,9,500000000,0.46,203,81.7629413164289
38,9,500000000,0.46,203,85.3703923030314
38,9,500000000,0.46,203,79.4957510188483
38,9,500000000,0.47,208,79.9945270617521
38,9,500000000,0.47,208,76.5666825150842
38,9,500000000,0.47,208,89.0660508178071
38,9,500000000,0.47,208,90.8363623259891
38,9,500000000,0.47,208,95.8077033114843
38,9,500000000,0.48,212,85.8826063216806
38,9,500000000,0.48,212,80.4192330296502
38,9,500000000,0.48,212,88.8444565052324
38,9,500000000,0.48,212,80.0558962087136
38,9,500000000,0.48,212,91.0620925728438
38,9,500000000,0.49,217,96.1274695553528
38,9,500000000,0.49,217,97.7712057386522
38,9,500000000,0.49,217,93.9139828023048
38,9,500000000,0.49,217,88.811209523775
38,9,500000000,0.49,217,82.6803338913905
38,9,500000000,0.5,221,85.7926992555424
38,9,500000000,0.5,221,89.1625145399724
38,9,500000000,0.5,221,89.9901159336008
38,9,500000000,0.5,221,112.094748259059
38,9,500000000,0.5,221,89.614224823689
38,9,500000000,0.51,225,96.5125567922679
38,9,500000000,0.51,225,88.3333215393882
38,9,500000000,0.51,225,92.2881087660805
38,9,500000000,0.51,225,89.2973988131106
38,9,500000000,0.51,225,88.8751252681191
38,9,500000000,0.52,230,96.4041261183563
38,9,500000000,0.52,230,88.6654537723598
38,9,500000000,0.52,230,78.3123823724536
38,9,500000000,0.52,230,90.548664533715
38,9,500000000,0.52,230,94.2623896485203
38,9,500000000,0.53,234,87.5767690967699
38,9,500000000,0.53,234,91.8125412849761
38,9,500000000,0.53,234,97.6997809294063
38,9,500000000,0.53,234,83.1693707676993
38,9,500000000,0.53,234,88.7491510795718
38,9,500000000,0.54,239,105.26818619364
38,9,500000000,0.54,239,76.7935382253168
38,9,500000000,0.54,239,84.7667497320341
38,9,500000000,0.54,239,87.5265227988789
38,9,500000000,0.54,239,100.247483845782
38,9,500000000,0.55,243,87.3179918154854
38,9,500000000,0.55,243,85.4951951718283
38,9,500000000,0.55,243,91.4754396757505
38,9,500000000,0.55,243,93.807225135174
38,9,500000000,0.55,243,96.780366338949
38,9,500000000,0.56,247,83.9833649974162
38,9,500000000,0.56,247,98.0250295733397
38,9,500000000,0.56,247,82.3558378991195
38,9,500000000,0.56,247,85.3399294901234
38,9,500000000,0.56,247,92.6263735344399
38,9,500000000,0.57,252,89.7828355519013
38,9,500000000,0.57,252,86.4925194575514
38,9,500000000,0.57,252,105.290174641143
38,9,500000000,0.57,252,84.4979800411057
38,9,500000000,0.57,252,95.7781880775452
38,9,500000000,0.58,256,87.1419630183447
38,9,500000000,0.58,256,93.5226209752116
38,9,500000000,0.58,256,88.4567284247051
38,9,500000000,0.58,256,91.230537439856
38,9,500000000,0.58,256,88.1841293366146
38,9,500000000,0.59,261,84.4627238434614
38,9,500000000,0.59,261,88.3413473632127
38,9,500000000,0.59,261,70.9771375366195
38,9,500000000,0.59,261,89.6531414311089
38,9,500000000,0.59,261,79.5662418808058
38,9,500000000,0.6,265,87.4172590261748
38,9,500000000,0.6,265,109.34261444441
38,9,500000000,0.6,265,95.6218588761422
38,9,500000000,0.6,265,96.7602106743157
38,9,500000000,0.6,265,94.3834467667349
38,9,500000000,0.61,270,83.7625720124175
38,9,500000000,0.61,270,88.3627391646853
38,9,500000000,0.61,270,92.7724199830509
38,9,500000000,0.61,270,98.8596414970284
38,9,500000000,0.61,270,87.1058661688134
38,9,500000000,0.62,274,90.4712028685224
38,9,500000000,0.62,274,92.7092092179109
38,9,500000000,0.62,274,99.9404771222806
38,9,500000000,0.62,274,94.1683342313983
38,9,500000000,0.62,274,92.7500319278889
38,9,500000000,0.63,278,99.3538468805305
38,9,500000000,0.63,278,86.9652319214186
38,9,500000000,0.63,278,83.44304958794
38,9,500000000,0.63,278,94.9569468475053
38,9,500000000,0.63,278,91.0075076548802
38,9,500000000,0.64,283,93.0345637654911
38,9,500000000,0.64,283,91.2569289408559
38,9,500000000,0.64,283,92.3162540022797
38,9,500000000,0.64,283,93.3190644414707
38,9,500000000,0.64,283,94.6064473411651
38,9,500000000,0.65,287,104.475354774129
38,9,500000000,0.65,287,93.0686957032959
38,9,500000000,0.65,287,113.682402995261
38,9,500000000,0.65,287,94.4549233013961
38,9,500000000,0.65,287,82.7459014498159
38,9,500000000,0.66,292,85.809166203425
38,9,500000000,0.66,292,104.250676429877
38,9,500000000,0.66,292,98.4057263292679
38,9,500000000,0.66,292,83.0394906491326
38,9,500000000,0.66,292,99.095063312519
38,9,500000000,0.67,296,96.2156927653667
38,9,500000000,0.67,296,93.7354225548823
38,9,500000000,0.67,296,80.2282864336585
38,9,500000000,0.67,296,92.6504285297862
38,9,500000000,0.67,296,90.3796870027807
38,9,500000000,0.68,300,93.8916820628195
38,9,500000000,0.68,300,93.1827119217889
38,9,500000000,0.68,300,93.3000608866426
38,9,500000000,0.68,300,90.6829972909833
38,9,500000000,0.68,300,90.5835898641125
38,9,500000000,0.69,305,85.3466677640429
38,9,500000000,0.69,305,103.404511080365
38,9,500000000,0.69,305,98.15740934852
38,9,500000000,0.69,305,89.8559694851602
38,9,500000000,0.69,305,88.1574699591016
38,9,500000000,0.7,309,85.1514119495045
38,9,500000000,0.7,309,100.009485337972
38,9,500000000,0.7,309,98.9977212352427
38,9,500000000,0.7,309,94.7003692103395
38,9,500000000,0.7,309,95.2040271515773
38,9,500000000,0.71,314,89.3043572942223
38,9,500000000,0.71,314,103.890713630163
38,9,500000000,0.71,314,88.6800680255407
38,9,500000000,0.71,314,96.8966838686279
38,9,500000000,0.71,314,98.0869021582058
38,9,500000000,0.72,318,94.5382851850291
38,9,500000000,0.72,318,106.293600951643
38,9,500000000,0.72,318,97.9083521211923
38,9,500000000,0.72,318,104.761608682726
38,9,500000000,0.72,318,89.1164352239775
38,9,500000000,0.73,322,89.962642215926
38,9,500000000,0.73,322,95.6493585041777
38,9,500000000,0.73,322,90.4597493916255
38,9,500000000,0.73,322,98.2143875086419
38,9,500000000,0.73,322,86.963067700034
38,9,500000000,0.74,327,112.526194249888
38,9,500000000,0.74,327,98.4353532885554
38,9,500000000,0.74,327,89.8910985633042
38,9,500000000,0.74,327,105.242264300367
38,9,500000000,0.74,327,94.6295672140825
38,9,500000000,0.75,331,86.149618764756
38,9,500000000,0.75,331,100.526661554074
38,9,500000000,0.75,331,96.3585119085403
38,9,500000000,0.75,331,97.548595332536
38,9,500000000,0.75,331,90.6556288970131
38,9,500000000,0.76,336,104.788726889805
38,9,500000000,0.76,336,100.544623807229
38,9,500000000,0.76,336,94.6139913396136
38,9,500000000,0.76,336,94.1061642972981
38,9,500000000,0.76,336,103.283558410331
38,9,500000000,0.77,340,100.649015516794
38,9,500000000,0.77,340,90.5112128215293
38,9,500000000,0.77,340,103.874923540013
38,9,500000000,0.77,340,95.1001094047959
38,9,500000000,0.77,340,101.242618164539
38,9,500000000,0.78,344,99.9066463975301
38,9,500000000,0.78,344,92.4720405915453
38,9,500000000,0.78,344,97.3027297099908
38,9,500000000,0.78,344,95.5305545849359
38,9,500000000,0.78,344,94.2301808368872
38,9,500000000,0.79,349,92.0938682295769
38,9,500000000,0.79,349,102.083755915942
38,9,500000000,0.79,349,95.86680800654
38,9,500000000,0.79,349,107.313597591235
38,9,500000000,0.79,349,100.163249419001
38,9,500000000,0.8,353,94.4414513067278
38,9,500000000,0.8,353,91.1597245015646
38,9,500000000,0.8,353,96.3179704629246
38,9,500000000,0.8,353,92.3440148295143
38,9,500000000,0.8,353,95.5842982991441
38,9,500000000,0.81,358,114.625702186481
38,9,500000000,0.81,358,96.4947822138249
38,9,500000000,0.81,358,91.4497904525136
38,9,500000000,0.81,358,97.2396626772505
38,9,500000000,0.81,358,103.669794934437
38,9,500000000,0.82,362,97.3781040627553
38,9,500000000,0.82,362,104.136438477344
38,9,500000000,0.82,362,114.721260848474
38,9,500000000,0.82,362,103.731758182267
38,9,500000000,0.82,362,94.6295100879328
38,9,500000000,0.83,367,113.862650095559
38,9,500000000,0.83,367,112.920009691197
38,9,500000000,0.83,367,101.114706160536
38,9,500000000,0.83,367,92.9751616711399
38,9,500000000,0.83,367,96.7800755771187
38,9,500000000,0.84,371,95.307306907875
38,9,500000000,0.84,371,94.6012373911207
38,9,500000000,0.84,371,94.3992107481543
38,9,500000000,0.84,371,98.881627326616
38,9,500000000,0.84,371,81.2358406859496
38,9,500000000,0.85,375,106.852840607984
38,9,500000000,0.85,375,100.087261175068
38,9,500000000,0.85,375,93.353671535551
38,9,500000000,0.85,375,97.7414765508459
38,9,500000000,0.85,375,118.901800321318
38,9,500000000,0.86,380,101.196434955098
38,9,500000000,0.86,380,98.2492204846721
38,9,500000000,0.86,380,96.7190132292909
38,9,500000000,0.86,380,97.7070151745174
38,9,500000000,0.86,380,98.0757711892938
38,9,500000000,0.87,384,96.3112517527908
38,9,500000000,0.87,384,98.0076740393894
38,9,500000000,0.87,384,97.3662819182354
38,9,500000000,0.87,384,97.2271383958305
38,9,500000000,0.87,384,95.4236566114607
38,9,500000000,0.88,389,108.769305645296
38,9,500000000,0.88,389,96.8184185614725
38,9,500000000,0.88,389,95.8679801904554
38,9,500000000,0.88,389,96.3479982987249
38,9,500000000,0.88,389,99.4691789944035
38,9,500000000,0.89,393,97.2246735714535
38,9,500000000,0.89,393,96.2860478327729
38,9,500000000,0.89,393,94.0942127821221
38,9,500000000,0.89,393,98.8553877330019
38,9,500000000,0.89,393,97.9385167300117
38,9,500000000,0.9,397,102.874951403232
38,9,500000000,0.9,397,101.254424744988
38,9,500000000,0.9,397,101.767636774642
38,9,500000000,0.9,397,101.991389842078
38,9,500000000,0.9,397,101.109170941486
38,9,500000000,0.91,402,98.3492677125985
38,9,500000000,0.91,402,123.521514651295
38,9,500000000,0.91,402,99.435168358667
38,9,500000000,0.91,402,114.32286098433
38,9,500000000,0.91,402,98.1126487396813
38,9,500000000,0.92,406,102.383017252632
38,9,500000000,0.92,406,95.2625076668678
38,9,500000000,0.92,406,97.6343535231123
38,9,500000000,0.92,406,100.94501728969
38,9,500000000,0.92,406,83.6042018771684
38,9,500000000,0.93,411,91.9404153969048
38,9,500000000,0.93,411,105.450961047674
38,9,500000000,0.93,411,105.713690423871
38,9,500000000,0.93,411,94.7176847324664
38,9,500000000,0.93,411,97.1744815571884
38,9,500000000,0.94,415,91.6536750414627
38,9,500000000,0.94,415,107.969400519021
38,9,500000000,0.94,415,93.6578168600117
38,9,500000000,0.94,415,101.138396891012
38,9,500000000,0.94,415,95.840392211916
38,9,500000000,0.95,419,97.0683152170378
38,9,500000000,0.95,419,107.66266869051
38,9,500000000,0.95,419,95.7679122262166
38,9,500000000,0.95,419,105.673092331868
38,9,500000000,0.95,419,98.7504388644051
38,9,500000000,0.96,424,104.664929361066
38,9,500000000,0.96,424,101.395241225098
38,9,500000000,0.96,424,105.480069248676
38,9,500000000,0.96,424,101.670200141875
38,9,500000000,0.96,424,99.877681463003
38,9,500000000,0.97,428,109.176242826432
38,9,500000000,0.97,428,97.9753347990495
38,9,500000000,0.97,428,100.893105462698
38,9,500000000,0.97,428,106.39213639715
38,9,500000000,0.97,428,93.7382259567818
38,9,500000000,0.98,433,96.7652591412674
38,9,500000000,0.98,433,96.685234432661
38,9,500000000,0.98,433,99.320546187135
38,9,500000000,0.98,433,99.6629221500557
38,9,500000000,0.98,433,93.7159315865301
38,9,500000000,0.99,437,95.6981761638458
38,9,500000000,0.99,437,103.15190463411
38,9,500000000,0.99,437,104.584126825487
38,9,500000000,0.99,437,84.3478257102026
38,9,500000000,0.99,437,107.335704521191
38,9,500000000,1,441,104.981377529658
38,9,500000000,1,441,101.790637592481
38,9,500000000,1,441,94.7732465707376
38,9,500000000,1,441,96.5282851165787
38,9,500000000,1,441,102.686679880274
38,9,500000000,1.01,446,99.9484098827814
38,9,500000000,1.01,446,103.343021671791
38,9,500000000,1.01,446,102.967028577393
38,9,500000000,1.01,446,107.140066980647
38,9,500000000,1.01,446,97.3454961275865
38,9,500000000,1.02,450,101.519592377069
38,9,500000000,1.02,450,98.1946031440368
38,9,500000000,1.02,450,105.14153024067
38,9,500000000,1.02,450,102.144644841232
38,9,500000000,1.02,450,106.338593721774
38,9,500000000,1.03,455,105.706421262652
38,9,500000000,1.03,455,103.963607780399
38,9,500000000,1.03,455,102.893981641945
38,9,500000000,1.03,455,100.025106820106
38,9,500000000,1.03,455,107.277344442628
38,9,500000000,1.04,459,101.632194007033
38,9,500000000,1.04,459,109.067203444029
38,9,500000000,1.04,459,99.4417519840784
38,9,500000000,1.04,459,96.3322045483985
38,9,500000000,1.04,459,118.065657374506
38,9,500000000,1.05,464,99.54623467662
38,9,500000000,1.05,464,99.5317520109798
38,9,500000000,1.05,464,98.4029690552441
38,9,500000000,1.05,464,99.9574116327068
38,9,500000000,1.05,464,104.043038899025
38,9,500000000,1.06,468,98.4139313682283
38,9,500000000,1.06,468,100.823609028182
38,9,500000000,1.06,468,101.887150995868
38,9,500000000,1.06,468,100.822249796539
38,9,500000000,1.06,468,110.796025509019
38,9,500000000,1.07,472,107.503621194117
38,9,500000000,1.07,472,100.142279476677
38,9,500000000,1.07,472,103.147393773098
38,9,500000000,1.07,472,91.1410561707254
38,9,500000000,1.07,472,96.9677749097214
38,9,500000000,1.08,477,108.068456219919
38,9,500000000,1.08,477,102.746650396867
38,9,500000000,1.08,477,102.6479716815
38,9,500000000,1.08,477,102.790504110428
38,9,500000000,1.08,477,101.110789755588
38,9,500000000,1.09,481,99.720116949885
38,9,500000000,1.09,481,101.823303897814
38,9,500000000,1.09,481,105.395097162012
38,9,500000000,1.09,481,103.4099147891
38,9,500000000,1.09,481,98.9119196769657
38,9,500000000,1.1,486,103.913893863949
38,9,500000000,1.1,486,101.506683142069
38,9,500000000,1.1,486,100.1776775883
38,9,500000000,1.1,486,88.2371379540907
38,9,500000000,1.1,486,109.163580028064
38,9,500000000,1.11,490,107.347221432183
38,9,500000000,1.11,490,106.152890768097
38,9,500000000,1.11,490,102.289779989689
38,9,500000000,1.11,490,102.192346767657
38,9,500000000,1.11,490,99.8507409055392
38,9,500000000,1.12,494,104.902883052725
38,9,500000000,1.12,494,98.9967293657774
38,9,500000000,1.12,494,106.030313190457
38,9,500000000,1.12,494,107.420051931298
38,9,500000000,1.12,494,97.0213927600537
38,9,500000000,1.13,499,106.756748572575
38,9,500000000,1.13,499,99.1319391492151
38,9,500000000,1.13,499,103.145750980882
38,9,500000000,1.13,499,105.450254403704
38,9,500000000,1.13,499,99.9650420446285
38,9,500000000,1.14,503,102.089012552858
38,9,500000000,1.14,503,106.029745168091
38,9,500000000,1.14,503,101.83022055502
38,9,500000000,1.14,503,104.166389861704
38,9,500000000,1.14,503,101.702026395033
38,9,500000000,1.15,508,106.35588388665
38,9,500000000,1.15,508,93.3267389299531
38,9,500000000,1.15,508,104.098176765295
38,9,500000000,1.15,508,101.347389130158
38,9,500000000,1.15,508,107.429391702381
38,9,500000000,1.16,512,103.709009186124
38,9,500000000,1.16,512,103.332635103345
38,9,500000000,1.16,512,103.708076881789
38,9,500000000,1.16,512,100.864644432172
38,9,500000000,1.16,512,104.065661757631
38,9,500000000,1.17,516,111.169132443733
38,9,500000000,1.17,516,102.311264606271
38,9,500000000,1.17,516,97.4233975764162
38,9,500000000,1.17,516,101.77745471377
38,9,500000000,1.17,516,104.506457495785
38,9,500000000,1.18,521,99.4348985289259
38,9,500000000,1.18,521,103.222938176263
38,9,500000000,1.18,521,100.05961850898
38,9,500000000,1.18,521,100.205397339945
38,9,500000000,1.18,521,102.709574791754
38,9,500000000,1.19,525,104.05952580275
38,9,500000000,1.19,525,104.770652343188
38,9,500000000,1.19,525,103.549266938793
38,9,500000000,1.19,525,99.1129224820899
38,9,500000000,1.19,525,105.773296190427
38,9,500000000,1.2,530,99.9435905193615
38,9,500000000,1.2,530,101.97135218645
38,9,500000000,1.2,530,100.980549948365
38,9,500000000,1.2,530,104.318016880982
38,9,500000000,1.2,530,100.279979299617
38,9,500000000,1.21,534,106.0284043145
38,9,500000000,1.21,534,100.346320156411
38,9,500000000,1.21,534,100.469681538586
38,9,500000000,1.21,534,102.99853773602
38,9,500000000,1.21,534,104.8594323885
38,9,500000000,1.22,539,105.280696163902
38,9,500000000,1.22,539,103.226101350851
38,9,500000000,1.22,539,103.299138825051
38,9,500000000,1.22,539,106.265898176995
38,9,500000000,1.22,539,105.367096534293
38,9,500000000,1.23,543,104.23212383543
38,9,500000000,1.23,543,103.54341456761
38,9,500000000,1.23,543,105.282600394717
38,9,500000000,1.23,543,109.255237832474
38,9,500000000,1.23,543,106.982795528673
38,9,500000000,1.24,547,104.292961784136
38,9,500000000,1.24,547,101.518876510244
38,9,500000000,1.24,547,102.527747243316
38,9,500000000,1.24,547,103.299450632757
38,9,500000000,1.24,547,103.290732784864
38,9,500000000,1.25,552,105.913452409592
38,9,500000000,1.25,552,102.499596373086
38,9,500000000,1.25,552,107.605783656288
38,9,500000000,1.25,552,102.91601843936
38,9,500000000,1.25,552,102.649722525979
38,9,500000000,1.26,556,101.668383124847
38,9,500000000,1.26,556,103.218557849812
38,9,500000000,1.26,556,101.512892549314
38,9,500000000,1.26,556,98.1828493349666
38,9,500000000,1.26,556,99.9886425587361
38,9,500000000,1.27,561,101.658173445045
38,9,500000000,1.27,561,103.455403116865
38,9,500000000,1.27,561,102.512604755939
38,9,500000000,1.27,561,102.394049715232
38,9,500000000,1.27,561,102.483677877336
38,9,500000000,1.28,565,101.013400398996
38,9,500000000,1.28,565,99.8035338599863
38,9,500000000,1.28,565,105.506752205188
38,9,500000000,1.28,565,106.922732441345
38,9,500000000,1.28,565,103.194167049023
38,9,500000000,1.29,569,99.2533877311545
38,9,500000000,1.29,569,103.692851153237
38,9,500000000,1.29,569,101.559794166308
38,9,500000000,1.29,569,104.300887788377
38,9,500000000,1.29,569,107.814982655105
38,9,500000000,1.3,574,100.776801414929
38,9,500000000,1.3,574,99.8811479742712
38,9,500000000,1.3,574,102.64748139545
38,9,500000000,1.3,574,103.237706290905
38,9,500000000,1.3,574,101.466759153096
38,9,500000000,1.31,578,104.634169496462
38,9,500000000,1.31,578,103.89168515681
38,9,500000000,1.31,578,101.21902825488
38,9,500000000,1.31,578,101.4882922882
38,9,500000000,1.31,578,107.05341259729
38,9,500000000,1.32,583,104.182698679612
38,9,500000000,1.32,583,103.505492438767
38,9,500000000,1.32,583,104.096454372398
38,9,500000000,1.32,583,103.231601893544
38,9,500000000,1.32,583,102.534896802514
38,9,500000000,1.33,587,101.043897598938
38,9,500000000,1.33,587,104.694963791395
38,9,500000000,1.33,587,107.797748862526
38,9,500000000,1.33,587,103.96644316301
38,9,500000000,1.33,587,101.009526276387
38,9,500000000,1.34,591,102.672283130945
38,9,500000000,1.34,591,106.111704953687
38,9,500000000,1.34,591,101.146755519029
38,9,500000000,1.34,591,101.654800379786
38,9,500000000,1.34,591,101.430432084947
38,9,500000000,1.35,596,111.010246477108
38,9,500000000,1.35,596,96.6603778117466
38,9,500000000,1.35,596,104.007412742263
38,9,500000000,1.35,596,102.974346363057
38,9,500000000,1.35,596,111.101586869683
38,9,500000000,1.36,600,104.983699079434
38,9,500000000,1.36,600,103.114618233531
38,9,500000000,1.36,600,95.4070401756103
38,9,500000000,1.36,600,100.494869951874
38,9,500000000,1.36,600,103.413384004696
38,9,500000000,1.37,605,100.887117706175
38,9,500000000,1.37,605,104.476859289955
38,9,500000000,1.37,605,101.834036882392
38,9,500000000,1.37,605,103.605021887715
38,9,500000000,1.37,605,100.726739124171
38,9,500000000,1.38,609,105.267726050378
38,9,500000000,1.38,609,102.951722495581
38,9,500000000,1.38,609,104.188241837777
38,9,500000000,1.38,609,103.356853936924
38,9,500000000,1.38,609,106.164327452937
38,9,500000000,1.39,613,103.641369848955
38,9,500000000,1.39,613,107.921175355506
38,9,500000000,1.39,613,103.309095732823
38,9,500000000,1.39,613,103.864730884497
38,9,500000000,1.39,613,103.31300516249
38,9,500000000,1.4,618,103.694104120878
38,9,500000000,1.4,618,105.712932613756
38,9,500000000,1.4,618,102.064761735886
38,9,500000000,1.4,618,103.319430495385
38,9,500000000,1.4,618,97.7847683112657
38,9,500000000,1.41,622,103.244369739003
38,9,500000000,1.41,622,103.466566046983
38,9,500000000,1.41,622,103.03372458758
38,9,500000000,1.41,622,102.594906304921
38,9,500000000,1.41,622,100.915188124094
38,9,500000000,1.42,627,107.693015044524
38,9,500000000,1.42,627,117.055029340405
38,9,500000000,1.42,627,104.41587613925
38,9,500000000,1.42,627,102.50463033651
38,9,500000000,1.42,627,102.687700206723
38,9,500000000,1.43,631,103.009490117896
38,9,500000000,1.43,631,103.14408325004
38,9,500000000,1.43,631,102.201576052096
38,9,500000000,1.43,631,103.033904765281
38,9,500000000,1.43,631,103.536331033094
38,9,500000000,1.44,636,104.903028882673
38,9,500000000,1.44,636,103.230601126737
38,9,500000000,1.44,636,104.414976087597
38,9,500000000,1.44,636,103.493123637646
38,9,500000000,1.44,636,102.762465169409
38,9,500000000,1.45,640,102.843272835069
38,9,500000000,1.45,640,103.668893834805
38,9,500000000,1.45,640,103.808455083418
38,9,500000000,1.45,640,104.33122496288
38,9,500000000,1.45,640,102.866533978033
38,9,500000000,1.46,644,103.2158568067
38,9,500000000,1.46,644,83.62304534379
38,9,500000000,1.46,644,101.996943959034
38,9,500000000,1.46,644,101.577963838694
38,9,500000000,1.46,644,102.158126406238
38,9,500000000,1.47,649,104.055838919946
38,9,500000000,1.47,649,103.773740901027
38,9,500000000,1.47,649,102.19767806165
38,9,500000000,1.47,649,112.787592064466
38,9,500000000,1.47,649,102.53173760528
38,9,500000000,1.48,653,102.884976878536
38,9,500000000,1.48,653,104.154694740839
38,9,500000000,1.48,653,103.780804976231
38,9,500000000,1.48,653,103.787630222057
38,9,500000000,1.48,653,104.251072537434
38,9,500000000,1.49,658,101.909158792858
38,9,500000000,1.49,658,102.214594933163
38,9,500000000,1.49,658,104.718145607724
38,9,500000000,1.49,658,103.453766147014
38,9,500000000,1.49,658,103.955789507383
38,9,500000000,1.5,662,102.113883914235
38,9,500000000,1.5,662,102.75267393495
38,9,500000000,1.5,662,102.627517689558
38,9,500000000,1.5,662,103.574190287523
38,9,500000000,1.5,662,102.727709688677
38,9,500000000,1.51,666,103.549019808079
38,9,500000000,1.51,666,102.473640408949
38,9,500000000,1.51,666,104.201300408333
38,9,500000000,1.51,666,104.17337302077
38,9,500000000,1.51,666,103.575802275093
38,9,500000000,1.52,671,103.415966805899
38,9,500000000,1.52,671,104.266854109333
38,9,500000000,1.52,671,103.417535720557
38,9,500000000,1.52,671,103.022793846771
38,9,500000000,1.52,671,102.656710981573
38,9,500000000,1.53,675,107.842975499613
38,9,500000000,1.53,675,101.861322735703
38,9,500000000,1.53,675,102.271894648242
38,9,500000000,1.53,675,102.561244853651
38,9,500000000,1.53,675,103.735222026056
38,9,500000000,1.54,680,103.564373251247
38,9,500000000,1.54,680,102.393960733318
38,9,500000000,1.54,680,104.233777987569
38,9,500000000,1.54,680,103.577092022623
38,9,500000000,1.54,680,103.66432053189
38,9,500000000,1.55,684,103.03746041012
38,9,500000000,1.55,684,103.661991327203
38,9,500000000,1.55,684,103.60337116109
38,9,500000000,1.55,684,103.82685779377
38,9,500000000,1.55,684,102.939579311877
38,9,500000000,1.56,688,102.959470841068
38,9,500000000,1.56,688,103.561913145181
38,9,500000000,1.56,688,101.986519362767
38,9,500000000,1.56,688,104.64005895696
38,9,500000000,1.56,688,103.283233851192
38,9,500000000,1.57,693,104.78842213113
38,9,500000000,1.57,693,103.794872666335
38,9,500000000,1.57,693,103.046426494367
38,9,500000000,1.57,693,103.143936258847
38,9,500000000,1.57,693,102.742261315812
38,9,500000000,1.58,697,104.527071847851
38,9,500000000,1.58,697,102.454312119847
38,9,500000000,1.58,697,101.908211866402
38,9,500000000,1.58,697,103.194339122889
38,9,500000000,1.58,697,103.135150032268
38,9,500000000,1.59,702,103.669470495091
38,9,500000000,1.59,702,103.989645714751
38,9,500000000,1.59,702,102.756391921426
38,9,500000000,1.59,702,103.259592502226
38,9,500000000,1.59,702,102.03360579862
38,9,500000000,1.6,706,102.224991068156
38,9,500000000,1.6,706,104.505669879704
38,9,500000000,1.6,706,103.090128209676
38,9,500000000,1.6,706,102.83817662023
38,9,500000000,1.6,706,104.169165631233
38,9,500000000,1.61,711,104.73785143604
38,9,500000000,1.61,711,103.351880108961
38,9,500000000,1.61,711,103.073231522153
38,9,500000000,1.61,711,103.454137261916
38,9,500000000,1.61,711,103.444329473335
38,9,500000000,1.62,715,102.859959451659
38,9,500000000,1.62,715,103.741541280161
38,9,500000000,1.62,715,102.920294751804
38,9,500000000,1.62,715,103.408763611591
38,9,500000000,1.62,715,103.59382679896
38,9,500000000,1.63,719,104.013688376983
38,9,500000000,1.63,719,104.39670284686
38,9,500000000,1.63,719,102.214767417363
38,9,500000000,1.63,719,102.689272003081
38,9,500000000,1.63,719,103.704769490001
38,9,500000000,1.64,724,103.192503948289
38,9,500000000,1.64,724,103.148236381569
38,9,500000000,1.64,724,103.581878394754
38,9,500000000,1.64,724,103.267012627782
38,9,500000000,1.64,724,104.205496602329
38,9,500000000,1.65,728,102.852255776304
38,9,500000000,1.65,728,103.017105101778
38,9,500000000,1.65,728,103.531580058722
38,9,500000000,1.65,728,103.202804695135
38,9,500000000,1.65,728,102.996538022321
38,9,500000000,1.66,733,103.672503928806
38,9,500000000,1.66,733,103.043355960409
38,9,500000000,1.66,733,103.239023083173
38,9,500000000,1.66,733,103.59015416925
38,9,500000000,1.66,733,102.756451328752
38,9,500000000,1.67,737,103.868006749966
38,9,500000000,1.67,737,103.971627630298
38,9,500000000,1.67,737,104.232323625049
38,9,500000000,1.67,737,103.424309521466
38,9,500000000,1.67,737,103.608281832951
38,9,500000000,1.68,741,103.809258498947
38,9,500000000,1.68,741,103.317270450488
38,9,500000000,1.68,741,103.241687606469
38,9,500000000,1.68,741,103.614519811632
38,9,500000000,1.68,741,103.023162817144
38,9,500000000,1.69,746,104.322464421451
38,9,500000000,1.69,746,103.330176966558
38,9,500000000,1.69,746,102.801735280254
38,9,500000000,1.69,746,102.745137155811
38,9,500000000,1.69,746,103.63113132519
38,9,500000000,1.7,750,104.370387119855
38,9,500000000,1.7,750,102.61772992945
38,9,500000000,1.7,750,103.646837424129
38,9,500000000,1.7,750,102.96729643464
38,9,500000000,1.7,750,103.076177734896
38,9,500000000,1.71,755,103.583180119276
38,9,500000000,1.71,755,103.428311466705
38,9,500000000,1.71,755,103.301746330176
38,9,500000000,1.71,755,103.331320581442
38,9,500000000,1.71,755,103.628914985451
38,9,500000000,1.72,759,103.341911831388
38,9,500000000,1.72,759,103.288160597784
38,9,500000000,1.72,759,103.594418967486
38,9,500000000,1.72,759,103.750195528994
38,9,500000000,1.72,759,102.2138777548
38,9,500000000,1.73,763,105.217230270123
38,9,500000000,1.73,763,102.850107165829
38,9,500000000,1.73,763,102.926241205481
38,9,500000000,1.73,763,103.177289749154
38,9,500000000,1.73,763,103.491393637036
38,9,500000000,1.74,768,103.825408066807
38,9,500000000,1.74,768,103.484408342665
38,9,500000000,1.74,768,103.114599824595
38,9,500000000,1.74,768,102.026194887652
38,9,500000000,1.74,768,103.305656261947
38,9,500000000,1.75,772,103.218298387458
38,9,500000000,1.75,772,103.677431389574
38,9,500000000,1.75,772,103.40544879457
38,9,500000000,1.75,772,103.665748154602
38,9,500000000,1.75,772,103.259929416305
38,9,500000000,1.76,777,103.40348370849
38,9,500000000,1.76,777,103.510284528623
38,9,500000000,1.76,777,103.472455461854
38,9,500000000,1.76,777,103.932121332654
38,9,500000000,1.76,777,104.226329970619
38,9,500000000,1.77,781,104.152586251428
38,9,500000000,1.77,781,103.260094474119
38,9,500000000,1.77,781,102.996724074054
38,9,500000000,1.77,781,103.669552501645
38,9,500000000,1.77,781,103.354639795714
38,9,500000000,1.78,785,104.8234978566
38,9,500000000,1.78,785,103.569338347562
38,9,500000000,1.78,785,103.257362833077
38,9,500000000,1.78,785,103.743831712218
38,9,500000000,1.78,785,103.339771927226
38,9,500000000,1.79,790,103.653456292569
38,9,500000000,1.79,790,103.509629729706
38,9,500000000,1.79,790,104.743057799118
38,9,500000000,1.79,790,103.693419894117
38,9,500000000,1.79,790,103.353861819118
38,9,500000000,1.8,794,103.594893391761
38,9,500000000,1.8,794,103.351176654718
38,9,500000000,1.8,794,103.034737838247
38,9,500000000,1.8,794,103.066589718214
38,9,500000000,1.8,794,103.038279562947
38,9,500000000,1.81,799,103.496195439577
38,9,500000000,1.81,799,103.291392993105
38,9,500000000,1.81,799,103.456194041747
38,9,500000000,1.81,799,103.875929224065
38,9,500000000,1.81,799,103.401863620884
38,9,500000000,1.82,803,103.345213302024
38,9,500000000,1.82,803,103.145836487797
38,9,500000000,1.82,803,103.134301536546
38,9,500000000,1.82,803,103.567093024084
38,9,500000000,1.82,803,103.712255014269
38,9,500000000,1.83,808,103.200126076513
38,9,500000000,1.83,808,103.40912506622
38,9,500000000,1.83,808,103.371689698579
38,9,500000000,1.83,808,103.493657986288
38,9,500000000,1.83,808,103.081628632742
38,9,500000000,1.84,812,103.480076610993
38,9,500000000,1.84,812,103.336088872481
38,9,500000000,1.84,812,102.958087426905
38,9,500000000,1.84,812,103.182803762477
38,9,500000000,1.84,812,103.260376203884
38,9,500000000,1.85,816,103.449459309224
38,9,500000000,1.85,816,103.369623800522
38,9,500000000,1.85,816,103.314406714006
38,9,500000000,1.85,816,103.506941496782
38,9,500000000,1.85,816,103.425787893192
38,9,500000000,1.86,821,103.107767119247
38,9,500000000,1.86,821,102.736570289207
38,9,500000000,1.86,821,103.272986432463
38,9,500000000,1.86,821,103.611708877875
38,9,500000000,1.86,821,102.853193460199
38,9,500000000,1.87,825,103.385087301663
38,9,500000000,1.87,825,103.594436607597
38,9,500000000,1.87,825,103.365248981378
38,9,500000000,1.87,825,103.362278138128
38,9,500000000,1.87,825,103.311882308058
38,9,500000000,1.88,830,103.481424439543
38,9,500000000,1.88,830,103.593631006644
38,9,500000000,1.88,830,103.356833488381
38,9,500000000,1.88,830,103.534382798302
38,9,500000000,1.88,830,102.858461434329
38,9,500000000,1.89,834,103.732623121305
38,9,500000000,1.89,834,103.384519884906
38,9,500000000,1.89,834,103.621830085861
38,9,500000000,1.89,834,103.308626221505
38,9,500000000,1.89,834,103.184237520101
38,9,500000000,1.9,838,103.407602475893
38,9,500000000,1.9,838,102.708496685838
38,9,500000000,1.9,838,103.65434495596
38,9,500000000,1.9,838,103.607117637703
38,9,500000000,1.9,838,104.354777796643
38,9,500000000,1.91,843,103.594212236678
38,9,500000000,1.91,843,103.367845046779
38,9,500000000,1.91,843,104.06877089407
38,9,500000000,1.91,843,103.658851686053
38,9,500000000,1.91,843,103.600888332991
38,9,500000000,1.92,847,102.847423842967
38,9,500000000,1.92,847,103.544537077307
38,9,500000000,1.92,847,103.451644485807
38,9,500000000,1.92,847,103.438080157889
38,9,500000000,1.92,847,103.379343368078
38,9,500000000,1.93,852,103.725852743128
38,9,500000000,1.93,852,103.420841289831
38,9,500000000,1.93,852,103.240412473038
38,9,500000000,1.93,852,104.099721395634
38,9,500000000,1.93,852,103.810784456871
38,9,500000000,1.94,856,103.410074297568
38,9,500000000,1.94,856,103.186509854028
38,9,500000000,1.94,856,103.422523061774
38,9,500000000,1.94,856,103.174433512037
38,9,500000000,1.94,856,103.199423373209
38,9,500000000,1.95,860,103.371703043168
38,9,500000000,1.95,860,103.514185076543
38,9,500000000,1.95,860,103.519709907772
38,9,500000000,1.95,860,103.382304913548
38,9,500000000,1.95,860,103.416435654389
38,9,500000000,1.96,865,103.560188996226
38,9,500000000,1.96,865,103.293731154101
38,9,500000000,1.96,865,102.897515957788
38,9,500000000,1.96,865,103.51708766202
38,9,500000000,1.96,865,103.643507883031
38,9,500000000,1.97,869,103.344714941343
38,9,500000000,1.97,869,103.385285818363
38,9,500000000,1.97,869,103.260341611979
38,9,500000000,1.97,869,103.365912799121
38,9,500000000,1.97,869,103.570686764201
38,9,500000000,1.98,874,103.473584666411
38,9,500000000,1.98,874,103.495195284428
38,9,500000000,1.98,874,103.845035109865
38,9,500000000,1.98,874,103.325158326921
38,9,500000000,1.98,874,103.278919938709
38,9,500000000,1.99,878,103.276815125858
38,9,500000000,1.99,878,103.478046746753
38,9,500000000,1.99,878,103.574999795076
38,9,500000000,1.99,878,103.276592508664
38,9,500000000,1.99,878,103.41274697402
38,9,500000000,2,882,103.334709923967
38,9,500000000,2,882,103.315088174959
38,9,500000000,2,882,103.360603198298
38,9,500000000,2,882,103.370687694636
38,9,500000000,2,882,103.491304611404
38,9,500000000,2.01,887,103.345827766487
38,9,500000000,2.01,887,103.87649302523
38,9,500000000,2.01,887,103.288251977562
38,9,500000000,2.01,887,103.41957747513
38,9,500000000,2.01,887,103.595322831863
38,9,500000000,2.02,891,103.510530763677
38,9,500000000,2.02,891,103.323159842592
38,9,500000000,2.02,891,103.434874479159
38,9,500000000,2.02,891,103.312987886654
38,9,500000000,2.02,891,103.47676912237
38,9,500000000,2.03,896,103.526487078593
38,9,500000000,2.03,896,103.310769545061
38,9,500000000,2.03,896,103.420379452003
38,9,500000000,2.03,896,101.991026077739
38,9,500000000,2.03,896,103.286468777131
38,9,500000000,2.04,900,103.268675039655
38,9,500000000,2.04,900,103.429125885832
38,9,500000000,2.04,900,103.338312098955
38,9,500000000,2.04,900,103.269116376146
38,9,500000000,2.04,900,103.375668148863
38,9,500000000,2.05,905,103.456556115794
38,9,500000000,2.05,905,103.666494948407
38,9,500000000,2.05,905,103.347153286836
38,9,500000000,2.05,905,103.312054398725
38,9,500000000,2.05,905,103.393035719392
38,9,500000000,2.06,909,103.994785422484
38,9,500000000,2.06,909,103.587375533561
38,9,500000000,2.06,909,103.231144278838
38,9,500000000,2.06,909,103.194825175121
38,9,500000000,2.06,909,103.374533151916
38,9,500000000,2.07,913,103.312574463148
38,9,500000000,2.07,913,103.450562152216
38,9,500000000,2.07,913,102.896299941638
38,9,500000000,2.07,913,103.427654375311
38,9,500000000,2.07,913,103.375207709816
38,9,500000000,2.08,918,103.325468720477
38,9,500000000,2.08,918,103.284366163418
38,9,500000000,2.08,918,103.337900237173
38,9,500000000,2.08,918,103.343323988308
38,9,500000000,2.08,918,103.38160805393
38,9,500000000,2.09,922,103.710918044391
38,9,500000000,2.09,922,103.38720178722
38,9,500000000,2.09,922,103.443417751866
38,9,500000000,2.09,922,103.453994577859
38,9,500000000,2.09,922,103.345223899596
38,9,500000000,2.1,927,103.295892473707
38,9,500000000,2.1,927,103.429383592464
38,9,500000000,2.1,927,103.426977714042
38,9,500000000,2.1,927,103.363148540146
38,9,500000000,2.1,927,103.345806433664
38,9,500000000,2.11,931,103.414250380248
38,9,500000000,2.11,931,103.268684377503
38,9,500000000,2.11,931,103.486793649986
38,9,500000000,2.11,931,103.40916945752
38,9,500000000,2.11,931,103.284309455711
38,9,500000000,2.12,935,103.431713406099
38,9,500000000,2.12,935,103.452065595296
38,9,500000000,2.12,935,103.387134289065
38,9,500000000,2.12,935,103.4623218797
38,9,500000000,2.12,935,103.269352184123
38,9,500000000,2.13,940,103.417677154797
38,9,500000000,2.13,940,103.369814938815
38,9,500000000,2.13,940,103.494532599042
38,9,500000000,2.13,940,103.37352236511
38,9,500000000,2.13,940,103.193628142203
38,9,500000000,2.14,944,103.328938796007
38,9,500000000,2.14,944,103.486808573466
38,9,500000000,2.14,944,103.410941925459
38,9,500000000,2.14,944,103.4247844588
38,9,500000000,2.14,944,103.504092237465
38,9,500000000,2.15,949,103.299464906517
38,9,500000000,2.15,949,103.485221042289
38,9,500000000,2.15,949,103.144539666426
38,9,500000000,2.15,949,103.250199185803
38,9,500000000,2.15,949,103.425111954631
38,9,500000000,2.16,953,103.369589211988
38,9,500000000,2.16,953,103.454292326895
38,9,500000000,2.16,953,103.343243038471
38,9,500000000,2.16,953,103.41092580764
38,9,500000000,2.16,953,103.515349849224
38,9,500000000,2.17,957,103.39037860182
38,9,500000000,2.17,957,103.408325030897
38,9,500000000,2.17,957,103.393535450976
38,9,500000000,2.17,957,103.388968206788
38,9,500000000,2.17,957,103.4408128797
38,9,500000000,2.18,962,103.661998966163
38,9,500000000,2.18,962,103.276123128821
38,9,500000000,2.18,962,103.368330316944
38,9,500000000,2.18,962,103.338479598868
38,9,500000000,2.18,962,103.355348025034
38,9,500000000,2.19,966,103.429193090797
38,9,500000000,2.19,966,103.337161741619
38,9,500000000,2.19,966,103.793905804609
38,9,500000000,2.19,966,103.469725217887
38,9,500000000,2.19,966,103.484409852039
38,9,500000000,2.2,971,103.390954649793
38,9,500000000,2.2,971,103.427987863974
38,9,500000000,2.2,971,103.385166205507
38,9,500000000,2.2,971,103.513830094089
38,9,500000000,2.2,971,103.427430100779
38,9,500000000,2.21,975,103.456568556568
38,9,500000000,2.21,975,103.494643277655
38,9,500000000,2.21,975,103.208493176148
38,9,500000000,2.21,975,103.583698599598
38,9,500000000,2.21,975,103.394970122067
38,9,500000000,2.22,980,103.445045403891
38,9,500000000,2.22,980,103.344028815861
38,9,500000000,2.22,980,103.467066401914
38,9,500000000,2.22,980,103.495401715028
38,9,500000000,2.22,980,103.500806383673
38,9,500000000,2.23,984,103.443628887102
38,9,500000000,2.23,984,103.44872254665
38,9,500000000,2.23,984,103.410823086374
38,9,500000000,2.23,984,103.395432656009
38,9,500000000,2.23,984,103.401527023434
38,9,500000000,2.24,988,103.480465885845
38,9,500000000,2.24,988,103.445403153072
38,9,500000000,2.24,988,103.436033296587
38,9,500000000,2.24,988,103.378999577515
38,9,500000000,2.24,988,103.466553558997
38,9,500000000,2.25,993,103.420219582869
38,9,500000000,2.25,993,103.578899776226
38,9,500000000,2.25,993,103.372940802698
38,9,500000000,2.25,993,103.489088401195
38,9,500000000,2.25,993,103.407799036114
38,9,500000000,2.26,997,103.410441567201
38,9,500000000,2.26,997,103.43294321996
38,9,500000000,2.26,997,103.655195028424
38,9,500000000,2.26,997,103.381933610292
38,9,500000000,2.26,997,103.411150009269
38,9,500000000,2.27,1002,103.338891243325
38,9,500000000,2.27,1002,103.38626914178
38,9,500000000,2.27,1002,103.389888639308
38,9,500000000,2.27,1002,103.406331290482
38,9,500000000,2.27,1002,103.406683713833
38,9,500000000,2.28,1006,103.416459320931
38,9,500000000,2.28,1006,103.396034661393
38,9,500000000,2.28,1006,103.412599642135
38,9,500000000,2.28,1006,103.368114548994
38,9,500000000,2.28,1006,103.468409290419
38,9,500000000,2.29,1010,103.293966101121
38,9,500000000,2.29,1010,103.41263934024
38,9,500000000,2.29,1010,103.407568038162
38,9,500000000,2.29,1010,103.392238755087
38,9,500000000,2.29,1010,103.421132864183
38,9,500000000,2.3,1015,103.375420218496
38,9,500000000,2.3,1015,103.23227595628
38,9,500000000,2.3,1015,103.382567787148
38,9,500000000,2.3,1015,103.215652136282
38,9,500000000,2.3,1015,103.403442937733
38,9,500000000,2.31,1019,103.387892994625
38,9,500000000,2.31,1019,103.320829815861
38,9,500000000,2.31,1019,103.413164843172
38,9,500000000,2.31,1019,103.383404890406
38,9,500000000,2.31,1019,103.495130468563
38,9,500000000,2.32,1024,103.453950585915
38,9,500000000,2.32,1024,103.395319099493
38,9,500000000,2.32,1024,103.491322443955
38,9,500000000,2.32,1024,103.399064452851
38,9,500000000,2.32,1024,103.492750921381
38,9,500000000,2.33,1028,103.409576280777
38,9,500000000,2.33,1028,103.401270206473
38,9,500000000,2.33,1028,103.40957428092
38,9,500000000,2.33,1028,103.310568050949
38,9,500000000,2.33,1028,103.438520481927
38,9,500000000,2.34,1032,103.779214872222
38,9,500000000,2.34,1032,103.397089506774
38,9,500000000,2.34,1032,103.395461629699
38,9,500000000,2.34,1032,103.381732822526
38,9,500000000,2.34,1032,103.349822531583
38,9,500000000,2.35,1037,103.428147528723
38,9,500000000,2.35,1037,103.382238874002
38,9,500000000,2.35,1037,103.466456580603
38,9,500000000,2.35,1037,103.40382242779
38,9,500000000,2.35,1037,103.410967471319
38,9,500000000,2.36,1041,103.331814667884
38,9,500000000,2.36,1041,103.412985794809
38,9,500000000,2.36,1041,103.259892267501
38,9,500000000,2.36,1041,103.4241739657
38,9,500000000,2.36,1041,103.380244584503
38,9,500000000,2.37,1046,103.39728313545
38,9,500000000,2.37,1046,103.145370892749
38,9,500000000,2.37,1046,103.371550967559
38,9,500000000,2.37,1046,103.405442523606
38,9,500000000,2.37,1046,103.393545725824
38,9,500000000,2.38,1050,103.392990581537
38,9,500000000,2.38,1050,103.394374483213
38,9,500000000,2.38,1050,103.394531719732
38,9,500000000,2.38,1050,103.430246080885
38,9,500000000,2.38,1050,103.419579655423
38,9,500000000,2.39,1054,103.415214222063
38,9,500000000,2.39,1054,103.444924393276
38,9,500000000,2.39,1054,103.287535418581
38,9,500000000,2.39,1054,103.404030784063
38,9,500000000,2.39,1054,103.413288027212
38,9,500000000,2.4,1059,103.339218787109
38,9,500000000,2.4,1059,103.371489607155
38,9,500000000,2.4,1059,103.389462391135
38,9,500000000,2.4,1059,103.396724116324
38,9,500000000,2.4,1059,103.342878999184
38,9,500000000,2.41,1063,103.409687936368
38,9,500000000,2.41,1063,103.416163765692
38,9,500000000,2.41,1063,103.418676404909
38,9,500000000,2.41,1063,103.295296263358
38,9,500000000,2.41,1063,103.437405558465
38,9,500000000,2.42,1068,103.406839567687
38,9,500000000,2.42,1068,103.402684606523
38,9,500000000,2.42,1068,103.395886219518
38,9,500000000,2.42,1068,103.414025997846
38,9,500000000,2.42,1068,103.559804514085
38,9,500000000,2.43,1072,103.356631438267
38,9,500000000,2.43,1072,103.426366576496
38,9,500000000,2.43,1072,103.390662302328
38,9,500000000,2.43,1072,103.415202320671
38,9,500000000,2.43,1072,103.397335585249
38,9,500000000,2.44,1077,103.402637432894
38,9,500000000,2.44,1077,103.415825780798
38,9,500000000,2.44,1077,103.423954540219
38,9,500000000,2.44,1077,103.429574221731
38,9,500000000,2.44,1077,103.409065180828
38,9,500000000,2.45,1081,103.374992104179
38,9,500000000,2.45,1081,103.415878794537
38,9,500000000,2.45,1081,103.418255617811
38,9,500000000,2.45,1081,103.554898499968
38,9,500000000,2.45,1081,103.419855545505
38,9,500000000,2.46,1085,103.423277579738
38,9,500000000,2.46,1085,103.408904391194
38,9,500000000,2.46,1085,103.411298142122
38,9,500000000,2.46,1085,103.485600072112
38,9,500000000,2.46,1085,103.44402967607
38,9,500000000,2.47,1090,103.413129431733
38,9,500000000,2.47,1090,103.394259623822
38,9,500000000,2.47,1090,103.381752315081
38,9,500000000,2.47,1090,103.389130134988
38,9,500000000,2.47,1090,103.422621593017
38,9,500000000,2.48,1094,103.416460669408
38,9,500000000,2.48,1094,103.355998198337
38,9,500000000,2.48,1094,103.462307037432
38,9,500000000,2.48,1094,103.423389273068
38,9,500000000,2.48,1094,103.395734370199
38,9,500000000,2.49,1099,103.426458743558
38,9,500000000,2.49,1099,103.371192386243
38,9,500000000,2.49,1099,103.432666490198
38,9,500000000,2.49,1099,103.404447389059
38,9,500000000,2.49,1099,103.394783250797
38,9,500000000,2.5,1103,103.403305027683
38,9,500000000,2.5,1103,103.424458868908
38,9,500000000,2.5,1103,103.396981519089
38,9,500000000,2.5,1103,103.431265790593
38,9,500000000,2.5,1103,103.416841833537
38,9,500000000,2.51,1107,103.421537657431
38,9,500000000,2.51,1107,103.39457471706
38,9,500000000,2.51,1107,103.416373938039
38,9,500000000,2.51,1107,103.361690107734
38,9,500000000,2.51,1107,103.404687249093
38,9,500000000,2.52,1112,103.418556091829
38,9,500000000,2.52,1112,103.090128835951
38,9,500000000,2.52,1112,103.420385722453
38,9,500000000,2.52,1112,103.417152181294
38,9,500000000,2.52,1112,103.326221092994
38,9,500000000,2.53,1116,103.421189476111
38,9,500000000,2.53,1116,103.414571062488
38,9,500000000,2.53,1116,103.384551366272
38,9,500000000,2.53,1116,103.400172135227
38,9,500000000,2.53,1116,103.376885352502
38,9,500000000,2.54,1121,103.412969554302
38,9,500000000,2.54,1121,103.404331114187
38,9,500000000,2.54,1121,103.412486764107
38,9,500000000,2.54,1121,103.429176272735
38,9,500000000,2.54,1121,103.403234815464
38,9,500000000,2.55,1125,103.379172955801
38,9,500000000,2.55,1125,103.399376395708
38,9,500000000,2.55,1125,103.375624443047
38,9,500000000,2.55,1125,103.411018537592
38,9,500000000,2.55,1125,103.404431764767
38,9,500000000,2.56,1129,103.413303109926
38,9,500000000,2.56,1129,103.401376764746
38,9,500000000,2.56,1129,103.419203075275
38,9,500000000,2.56,1129,103.30480850968
38,9,500000000,2.56,1129,103.418080155485
38,9,500000000,2.57,1134,103.400607001353
38,9,500000000,2.57,1134,103.418979459354
38,9,500000000,2.57,1134,103.397878048214
38,9,500000000,2.57,1134,103.406625759336
38,9,500000000,2.57,1134,103.427734293192
38,9,500000000,2.58,1138,103.412129429724
38,9,500000000,2.58,1138,103.40479448768
38,9,500000000,2.58,1138,103.397446044568
38,9,500000000,2.58,1138,103.386883615648
38,9,500000000,2.58,1138,103.381825717857
38,9,500000000,2.59,1143,103.427443208733
38,9,500000000,2.59,1143,103.403781633328
38,9,500000000,2.59,1143,103.407298556082
38,9,500000000,2.59,1143,103.424847870042
38,9,500000000,2.59,1143,103.438220840209
38,9,500000000,2.6,1147,103.416479079014
38,9,500000000,2.6,1147,103.395541346154
38,9,500000000,2.6,1147,103.366185096022
38,9,500000000,2.6,1147,103.405400821565
38,9,500000000,2.6,1147,103.406069271459
38,9,500000000,2.61,1152,103.390468991546
38,9,500000000,2.61,1152,103.389595874462
38,9,500000000,2.61,1152,103.426216408855
38,9,500000000,2.61,1152,103.419682405071
38,9,500000000,2.61,1152,103.409139127618
38,9,500000000,2.62,1156,103.419115397115
38,9,500000000,2.62,1156,103.410400530565
38,9,500000000,2.62,1156,103.408257820514
38,9,500000000,2.62,1156,103.398213916306
38,9,500000000,2.62,1156,103.404966098887
38,9,500000000,2.63,1160,103.385964845997
38,9,500000000,2.63,1160,103.40223125328
38,9,500000000,2.63,1160,103.401720330617
38,9,500000000,2.63,1160,103.425679595119
38,9,500000000,2.63,1160,103.416027755463
38,9,500000000,2.64,1165,103.417003380312
38,9,500000000,2.64,1165,103.40465498919
38,9,500000000,2.64,1165,103.41430646371
38,9,500000000,2.64,1165,103.443390241866
38,9,500000000,2.64,1165,103.40933743672
38,9,500000000,2.65,1169,103.390369494672
38,9,500000000,2.65,1169,103.425463472521
38,9,500000000,2.65,1169,103.305078684097
38,9,500000000,2.65,1169,103.409111864128
38,9,500000000,2.65,1169,103.40552314465
38,9,500000000,2.66,1174,103.418854703925
38,9,500000000,2.66,1174,103.434724438709
38,9,500000000,2.66,1174,103.406909672629
38,9,500000000,2.66,1174,103.422226145755
38,9,500000000,2.66,1174,103.4153233725
38,9,500000000,2.67,1178,103.404002341162
38,9,500000000,2.67,1178,103.399901814686
38,9,500000000,2.67,1178,103.414517348744
38,9,500000000,2.67,1178,103.379442529289
38,9,500000000,2.67,1178,103.396473863116
38,9,500000000,2.68,1182,103.413504053222
38,9,500000000,2.68,1182,103.412947083512
38,9,500000000,2.68,1182,103.408035830599
38,9,500000000,2.68,1182,103.40773098426
38,9,500000000,2.68,1182,103.403479468675
38,9,500000000,2.69,1187,103.407596874944
38,9,500000000,2.69,1187,103.405420287094
38,9,500000000,2.69,1187,103.324803017136
38,9,500000000,2.69,1187,103.405608776612
38,9,500000000,2.69,1187,103.407584927922
38,9,500000000,2.7,1191,103.416046323815
38,9,500000000,2.7,1191,103.407555433685
38,9,500000000,2.7,1191,103.410618471288
38,9,500000000,2.7,1191,103.417637122773
38,9,500000000,2.7,1191,103.402393069546
38,9,500000000,2.71,1196,103.40782926729
38,9,500000000,2.71,1196,103.405275439648
38,9,500000000,2.71,1196,103.405559080702
38,9,500000000,2.71,1196,103.398255986033
38,9,500000000,2.71,1196,103.40519714817
38,9,500000000,2.72,1200,103.409133932799
38,9,500000000,2.72,1200,103.382200747208
38,9,500000000,2.72,1200,103.398725107031
38,9,500000000,2.72,1200,103.396092760755
38,9,500000000,2.72,1200,103.400618006672
38,9,500000000,2.73,1204,103.423476801785
38,9,500000000,2.73,1204,103.413530931868
38,9,500000000,2.73,1204,103.402157038932
38,9,500000000,2.73,1204,103.410873808723
38,9,500000000,2.73,1204,103.424448650295
38,9,500000000,2.74,1209,103.404397170325
38,9,500000000,2.74,1209,103.403106940295
38,9,500000000,2.74,1209,103.403765112848
38,9,500000000,2.74,1209,103.41681594589
38,9,500000000,2.74,1209,103.394844071245
38,9,500000000,2.75,1213,103.412014782786
38,9,500000000,2.75,1213,103.405943807323
38,9,500000000,2.75,1213,103.407545008801
38,9,500000000,2.75,1213,103.407170193886
38,9,500000000,2.75,1213,103.404124190202
38,9,500000000,2.76,1218,103.409629361879
38,9,500000000,2.76,1218,103.396494769664
38,9,500000000,2.76,1218,103.405937993659
38,9,500000000,2.76,1218,103.400386517811
38,9,500000000,2.76,1218,103.40687222161
38,9,500000000,2.77,1222,103.401882417363
38,9,500000000,2.77,1222,103.401502515546
38,9,500000000,2.77,1222,103.416902720313
38,9,500000000,2.77,1222,103.399166031611
38,9,500000000,2.77,1222,103.408084562909
38,9,500000000,2.78,1226,103.413620085809
38,9,500000000,2.78,1226,103.406071210324
38,9,500000000,2.78,1226,103.411476959107
38,9,500000000,2.78,1226,103.406630942044
38,9,500000000,2.78,1226,103.4109815876
38,9,500000000,2.79,1231,103.405789670436
38,9,500000000,2.79,1231,103.392873534604
38,9,500000000,2.79,1231,103.405989026973
38,9,500000000,2.79,1231,103.407581291551
38,9,500000000,2.79,1231,103.407778375546
38,9,500000000,2.8,1235,103.403784948467
38,9,500000000,2.8,1235,103.413128459459
38,9,500000000,2.8,1235,103.400456946264
38,9,500000000,2.8,1235,103.405136730493
38,9,500000000,2.8,1235,103.413454714467
38,9,500000000,2.81,1240,103.407631424041
38,9,500000000,2.81,1240,103.403329526532
38,9,500000000,2.81,1240,103.407858432615
38,9,500000000,2.81,1240,103.404293282666
38,9,500000000,2.81,1240,103.408204102142
38,9,500000000,2.82,1244,103.407284652241
38,9,500000000,2.82,1244,103.414571278837
38,9,500000000,2.82,1244,103.408980721591
38,9,500000000,2.82,1244,103.409849540333
38,9,500000000,2.82,1244,103.396020491576
38,9,500000000,2.83,1249,103.431258252011
38,9,500000000,2.83,1249,103.407926163465
38,9,500000000,2.83,1249,103.409979327067
38,9,500000000,2.83,1249,103.373602196013
38,9,500000000,2.83,1249,103.416469975269
38,9,500000000,2.84,1253,103.392453370944
38,9,500000000,2.84,1253,103.405917804437
38,9,500000000,2.84,1253,103.409579041036
38,9,500000000,2.84,1253,103.404633747673
38,9,500000000,2.84,1253,103.404956223446
38,9,500000000,2.85,1257,103.407965870207
38,9,500000000,2.85,1257,103.410095247615
38,9,500000000,2.85,1257,103.404814851984
38,9,500000000,2.85,1257,103.405168298542
38,9,500000000,2.85,1257,103.40847205615
38,9,500000000,2.86,1262,103.405015986153
38,9,500000000,2.86,1262,103.401546189572
38,9,500000000,2.86,1262,103.407872710628
38,9,500000000,2.86,1262,103.40719311314
38,9,500000000,2.86,1262,103.406440157586
38,9,500000000,2.87,1266,103.4099013773
38,9,500000000,2.87,1266,103.403812522231
38,9,500000000,2.87,1266,103.404009656688
38,9,500000000,2.87,1266,103.41339230465
38,9,500000000,2.87,1266,103.406203012115
38,9,500000000,2.88,1271,103.408961502627
38,9,500000000,2.88,1271,103.407040627874
38,9,500000000,2.88,1271,103.401755884357
38,9,500000000,2.88,1271,103.400001086418
38,9,500000000,2.88,1271,103.409603794003
38,9,500000000,2.89,1275,103.410694708676
38,9,500000000,2.89,1275,103.407260442415
38,9,500000000,2.89,1275,103.407447166898
38,9,500000000,2.89,1275,103.408861141899
38,9,500000000,2.89,1275,103.406675020702
38,9,500000000,2.9,1279,103.401115648872
38,9,500000000,2.9,1279,103.394844116128
38,9,500000000,2.9,1279,103.411680015092
38,9,500000000,2.9,1279,103.400568172399
38,9,500000000,2.9,1279,103.41399533589
38,9,500000000,2.91,1284,103.403814207192
38,9,500000000,2.91,1284,103.406069957124
38,9,500000000,2.91,1284,103.413275209491
38,9,500000000,2.91,1284,103.400935432955
38,9,500000000,2.91,1284,103.405697926113
38,9,500000000,2.92,1288,103.413874086961
38,9,500000000,2.92,1288,103.405741532861
38,9,500000000,2.92,1288,103.403545150299
38,9,500000000,2.92,1288,103.406705485742
38,9,500000000,2.92,1288,103.39426032038
38,9,500000000,2.93,1293,103.407387837712
38,9,500000000,2.93,1293,103.395138077973
38,9,500000000,2.93,1293,103.41142936567
38,9,500000000,2.93,1293,103.408054290032
38,9,500000000,2.93,1293,103.40596805611
38,9,500000000,2.94,1297,103.402086962007
38,9,500000000,2.94,1297,103.407182883138
38,9,500000000,2.94,1297,103.421372775158
38,9,500000000,2.94,1297,103.405886537579
38,9,500000000,2.94,1297,103.408008601127
38,9,500000000,2.95,1301,103.411901461741
38,9,500000000,2.95,1301,103.413408565534
38,9,500000000,2.95,1301,103.405649625636
38,9,500000000,2.95,1301,103.405818296957
38,9,500000000,2.95,1301,103.402678437141
38,9,500000000,2.96,1306,103.424294828976
38,9,500000000,2.96,1306,103.410693168698
38,9,500000000,2.96,1306,103.405979865775
38,9,500000000,2.96,1306,103.406841921672
38,9,500000000,2.96,1306,103.405434799449
38,9,500000000,2.97,1310,103.408466521548
38,9,500000000,2.97,1310,103.408686014435
38,9,500000000,2.97,1310,103.410732089531
38,9,500000000,2.97,1310,103.407365577273
38,9,500000000,2.97,1310,103.408914330921
38,9,500000000,2.98,1315,103.402875153663
38,9,500000000,2.98,1315,103.407986731343
38,9,500000000,2.98,1315,103.407944524205
38,9,500000000,2.98,1315,103.406941861498
38,9,500000000,2.98,1315,103.406874522274
38,9,500000000,2.99,1319,103.408377107629
38,9,500000000,2.99,1319,103.421044350384
38,9,500000000,2.99,1319,103.418692505988
38,9,500000000,2.99,1319,103.40175297496
38,9,500000000,2.99,1319,103.405185325657
38,9,500000000,3,1323,103.394694642582
38,9,500000000,3,1323,103.403882909468
38,9,500000000,3,1323,103.405885660393
38,9,500000000,3,1323,103.405338721404
38,9,500000000,3,1323,103.406337385637
